player_name,hero,decklist_url,tournament
Alexej Vollmer,"Gravy Bones, Shipwrecked Looter",https://fabtcg.com/en/coverage/calling-bologna-2025/decklist/54574811,Calling Bologna 2025
Alberto Di Blasi,"Gravy Bones, Shipwrecked Looter",https://fabtcg.com/en/coverage/calling-bologna-2025/decklist/93545135,Calling Bologna 2025
Grégory Lefebvre,"Oscilio, Constella Intelligence",https://fabtcg.com/en/coverage/calling-bologna-2025/decklist/73238818,Calling Bologna 2025
Francesco Zampieri,"Cindra, Dracai of Retribution",https://fabtcg.com/en/coverage/calling-bologna-2025/decklist/23992312,Calling Bologna 2025
Jaka Burnik,"Cindra, Dracai of Retribution",https://fabtcg.com/en/coverage/calling-bologna-2025/decklist/58252891,Calling Bologna 2025
Lorenzo Cavazzini,"Florian, Rotwood Harbinger",https://fabtcg.com/en/coverage/calling-bologna-2025/decklist/23278352,Calling Bologna 2025
Marvin Heusinger,"Cindra, Dracai of Retribution",https://fabtcg.com/en/coverage/calling-bologna-2025/decklist/45315458,Calling Bologna 2025
Florian Grabenstein,"Kayo, Armed and Dangerous",https://fabtcg.com/en/coverage/calling-bologna-2025/decklist/67219499,Calling Bologna 2025
Stefaan Morbee,"Gravy Bones, Shipwrecked Looter",https://fabtcg.com/en/coverage/calling-bologna-2025/decklist/65623129,Calling Bologna 2025
Chang Li,"Victor Goldmane, High and Mighty",https://fabtcg.com/en/coverage/calling-bologna-2025/decklist/78195736,Calling Bologna 2025
Erik Baalhuis,"Rhinar, Reckless Rampage",https://fabtcg.com/en/coverage/calling-bologna-2025/decklist/79255197,Calling Bologna 2025
Xiaoliang Yang,Dash I/O,https://fabtcg.com/en/coverage/calling-bologna-2025/decklist/67954858,Calling Bologna 2025
Luis Toeffels,"Azalea, Ace in the Hole",https://fabtcg.com/en/coverage/calling-bologna-2025/decklist/81587693,Calling Bologna 2025
Mirko Dolce,"Azalea, Ace in the Hole",https://fabtcg.com/en/coverage/calling-bologna-2025/decklist/16759958,Calling Bologna 2025
Jakub Kouřil,"Prism, Awakener of Sol",https://fabtcg.com/en/coverage/calling-bologna-2025/decklist/46461128,Calling Bologna 2025
Christian Fichtner,"Nuu, Alluring Desire",https://fabtcg.com/en/coverage/calling-bologna-2025/decklist/83353599,Calling Bologna 2025
Daniel Li,"Cindra, Dracai of Retribution",https://fabtcg.com/en/coverage/calling-bologna-2025/decklist/72289973,Calling Bologna 2025
Gabriele Panichi,"Prism, Awakener of Sol",https://fabtcg.com/en/coverage/calling-bologna-2025/decklist/85747484,Calling Bologna 2025
Alvaro Francisco Toledano Benito,"Nuu, Alluring Desire",https://fabtcg.com/en/coverage/calling-bologna-2025/decklist/64982125,Calling Bologna 2025
Maciej Szawica,"Kayo, Armed and Dangerous",https://fabtcg.com/en/coverage/calling-bologna-2025/decklist/15727645,Calling Bologna 2025
Alex Kondov,"Prism, Awakener of Sol",https://fabtcg.com/en/coverage/calling-bologna-2025/decklist/82389134,Calling Bologna 2025
Enrico Collini,"Riptide, Lurker of the Deep",https://fabtcg.com/en/coverage/calling-bologna-2025/decklist/88941335,Calling Bologna 2025
Matteo Brunori,"Azalea, Ace in the Hole",https://fabtcg.com/en/coverage/calling-bologna-2025/decklist/17122362,Calling Bologna 2025
Plamen Kutinchev,"Arakni, Marionette",https://fabtcg.com/en/coverage/calling-bologna-2025/decklist/54255693,Calling Bologna 2025
Filip Mikołajczyk,"Cindra, Dracai of Retribution",https://fabtcg.com/en/coverage/calling-bologna-2025/decklist/48445694,Calling Bologna 2025
Vasil Boev,"Verdance, Thorn of the Rose",https://fabtcg.com/en/coverage/calling-bologna-2025/decklist/43433872,Calling Bologna 2025
Tommaso Viscido,"Nuu, Alluring Desire",https://fabtcg.com/en/coverage/calling-bologna-2025/decklist/43166493,Calling Bologna 2025
Charlie Fahey,"Kano, Dracai of Aether",https://fabtcg.com/en/coverage/calling-bologna-2025/decklist/37156332,Calling Bologna 2025
Anton Cid Mejias,"Arakni, Marionette",https://fabtcg.com/en/coverage/calling-bologna-2025/decklist/12716642,Calling Bologna 2025
Florin-Cristian Loghin,"Florian, Rotwood Harbinger",https://fabtcg.com/en/coverage/calling-bologna-2025/decklist/94458185,Calling Bologna 2025
Piero Carini,"Arakni, Marionette",https://fabtcg.com/en/coverage/calling-bologna-2025/decklist/53358198,Calling Bologna 2025
Oliver Kuhrt,"Puffin, Hightail",https://fabtcg.com/en/coverage/calling-bologna-2025/decklist/27684516,Calling Bologna 2025
Diego Paoletti,"Nuu, Alluring Desire",https://fabtcg.com/en/coverage/calling-bologna-2025/decklist/26385472,Calling Bologna 2025
Viktor Ivanov,"Arakni, Marionette",https://fabtcg.com/en/coverage/calling-bologna-2025/decklist/56826378,Calling Bologna 2025
Roberto Andreocci,"Ira, Scarlet Revenger",https://fabtcg.com/en/coverage/calling-bologna-2025/decklist/55296742,Calling Bologna 2025
Francesco Fiumanò,"Cindra, Dracai of Retribution",https://fabtcg.com/en/coverage/calling-bologna-2025/decklist/34776945,Calling Bologna 2025
Jakub Kulpinski,"Puffin, Hightail",https://fabtcg.com/en/coverage/calling-bologna-2025/decklist/97234796,Calling Bologna 2025
Alex Smith,"Azalea, Ace in the Hole",https://fabtcg.com/en/coverage/calling-bologna-2025/decklist/57714663,Calling Bologna 2025
James Brookes,"Nuu, Alluring Desire",https://fabtcg.com/en/coverage/calling-bologna-2025/decklist/17798232,Calling Bologna 2025
Nikolas Koutounidis,"Victor Goldmane, High and Mighty",https://fabtcg.com/en/coverage/calling-bologna-2025/decklist/76474196,Calling Bologna 2025
Yorgos Samaras,"Cindra, Dracai of Retribution",https://fabtcg.com/en/coverage/calling-bologna-2025/decklist/29352359,Calling Bologna 2025
Emad Kashy,"Arakni, Marionette",https://fabtcg.com/en/coverage/calling-bologna-2025/decklist/81644971,Calling Bologna 2025
Nikos Evgenidis,"Nuu, Alluring Desire",https://fabtcg.com/en/coverage/calling-bologna-2025/decklist/48325753,Calling Bologna 2025
Filippo Barbani,"Victor Goldmane, High and Mighty",https://fabtcg.com/en/coverage/calling-bologna-2025/decklist/54467661,Calling Bologna 2025
Gustavo Cilleruelo,"Riptide, Lurker of the Deep",https://fabtcg.com/en/coverage/calling-bologna-2025/decklist/57632413,Calling Bologna 2025
Florian Schmidt,"Arakni, 5L!p3d 7hRu 7h3 cR4X",https://fabtcg.com/en/coverage/calling-bologna-2025/decklist/13856173,Calling Bologna 2025
Davide Ricci,"Prism, Awakener of Sol",https://fabtcg.com/en/coverage/calling-bologna-2025/decklist/21365143,Calling Bologna 2025
Alessandro Bracci,"Verdance, Thorn of the Rose",https://fabtcg.com/en/coverage/calling-bologna-2025/decklist/65322242,Calling Bologna 2025
Jorge Jimenez,"Florian, Rotwood Harbinger",https://fabtcg.com/en/coverage/calling-bologna-2025/decklist/31537816,Calling Bologna 2025
Emlyn Ingram,"Prism, Awakener of Sol",https://fabtcg.com/en/coverage/calling-bologna-2025/decklist/71769256,Calling Bologna 2025
Valerio Colonna,"Nuu, Alluring Desire",https://fabtcg.com/en/coverage/calling-bologna-2025/decklist/79163596,Calling Bologna 2025
Paul van Gijssel,"Azalea, Ace in the Hole",https://fabtcg.com/en/coverage/calling-bologna-2025/decklist/82996881,Calling Bologna 2025
Alessandro Segradin,Dash I/O,https://fabtcg.com/en/coverage/calling-bologna-2025/decklist/21891327,Calling Bologna 2025
Francesco Giorgio,"Florian, Rotwood Harbinger",https://fabtcg.com/en/coverage/calling-bologna-2025/decklist/38313277,Calling Bologna 2025
Mirko Macchia,"Azalea, Ace in the Hole",https://fabtcg.com/en/coverage/calling-bologna-2025/decklist/35588253,Calling Bologna 2025
Steffen Bauer,"Cindra, Dracai of Retribution",https://fabtcg.com/en/coverage/calling-bologna-2025/decklist/33813272,Calling Bologna 2025
Gilles Molina,"Prism, Awakener of Sol",https://fabtcg.com/en/coverage/calling-bologna-2025/decklist/22812411,Calling Bologna 2025
Sander Neeft,"Gravy Bones, Shipwrecked Looter",https://fabtcg.com/en/coverage/calling-bologna-2025/decklist/41632944,Calling Bologna 2025
Vasilis Kirlis,"Nuu, Alluring Desire",https://fabtcg.com/en/coverage/calling-bologna-2025/decklist/24854737,Calling Bologna 2025
Mika Vainio,"Ser Boltyn, Breaker of Dawn",https://fabtcg.com/en/coverage/calling-bologna-2025/decklist/46458549,Calling Bologna 2025
Iacopo Lau,"Azalea, Ace in the Hole",https://fabtcg.com/en/coverage/calling-bologna-2025/decklist/41152647,Calling Bologna 2025
Emanuele Zanella,"Azalea, Ace in the Hole",https://fabtcg.com/en/coverage/calling-bologna-2025/decklist/18472271,Calling Bologna 2025
Wojciech Arendt,"Prism, Awakener of Sol",https://fabtcg.com/en/coverage/calling-bologna-2025/decklist/55429895,Calling Bologna 2025
Ilias Karamanis,"Kayo, Armed and Dangerous",https://fabtcg.com/en/coverage/calling-bologna-2025/decklist/58434939,Calling Bologna 2025
Tomasz Żelazko,"Marlynn, Treasure Hunter",https://fabtcg.com/en/coverage/calling-bologna-2025/decklist/48144483,Calling Bologna 2025
Marco Casadio,Dash I/O,https://fabtcg.com/en/coverage/calling-bologna-2025/decklist/22115799,Calling Bologna 2025
Marko Leben,"Gravy Bones, Shipwrecked Looter",https://fabtcg.com/en/coverage/calling-bologna-2025/decklist/56846296,Calling Bologna 2025
René Rosenberg,"Arakni, Marionette",https://fabtcg.com/en/coverage/calling-bologna-2025/decklist/17584867,Calling Bologna 2025
Alessandro Brogi,"Arakni, 5L!p3d 7hRu 7h3 cR4X",https://fabtcg.com/en/coverage/calling-bologna-2025/decklist/38928314,Calling Bologna 2025
Jimmy Nguyen,"Gravy Bones, Shipwrecked Looter",https://fabtcg.com/en/coverage/calling-bologna-2025/decklist/37919264,Calling Bologna 2025
Diego Giacca,"Puffin, Hightail",https://fabtcg.com/en/coverage/calling-bologna-2025/decklist/57246191,Calling Bologna 2025
Riccardo Di Cesare,Kassai of the Golden Sand,https://fabtcg.com/en/coverage/calling-bologna-2025/decklist/52189999,Calling Bologna 2025
Daniel Correas,"Azalea, Ace in the Hole",https://fabtcg.com/en/coverage/calling-bologna-2025/decklist/32184172,Calling Bologna 2025
Stephen Berlyant,"Gravy Bones, Shipwrecked Looter",https://fabtcg.com/en/coverage/calling-bologna-2025/decklist/95389716,Calling Bologna 2025
Maximilian Klein,"Gravy Bones, Shipwrecked Looter",https://fabtcg.com/en/coverage/calling-bologna-2025/decklist/23337859,Calling Bologna 2025
Jan-Hendrik Brinkforth,Jarl Vetreiði,https://fabtcg.com/en/coverage/calling-bologna-2025/decklist/16412276,Calling Bologna 2025
Natan Tomeo,"Verdance, Thorn of the Rose",https://fabtcg.com/en/coverage/calling-bologna-2025/decklist/34952527,Calling Bologna 2025
Federico Lami,"Vynnset, Iron Maiden",https://fabtcg.com/en/coverage/calling-bologna-2025/decklist/39487628,Calling Bologna 2025
Andrea Caregnato,"Rhinar, Reckless Rampage",https://fabtcg.com/en/coverage/calling-bologna-2025/decklist/55244941,Calling Bologna 2025
Artur Wysocki,"Nuu, Alluring Desire",https://fabtcg.com/en/coverage/calling-bologna-2025/decklist/51571885,Calling Bologna 2025
Daniel Mulato,"Azalea, Ace in the Hole",https://fabtcg.com/en/coverage/calling-bologna-2025/decklist/88359444,Calling Bologna 2025
Jason Rolfe,"Verdance, Thorn of the Rose",https://fabtcg.com/en/coverage/calling-bologna-2025/decklist/97389552,Calling Bologna 2025
Demetrio Bori,Dash I/O,https://fabtcg.com/en/coverage/calling-bologna-2025/decklist/47542318,Calling Bologna 2025
Žan Baumgartner,"Kano, Dracai of Aether",https://fabtcg.com/en/coverage/calling-bologna-2025/decklist/37421717,Calling Bologna 2025
Alberto Hernández Martin,"Vynnset, Iron Maiden",https://fabtcg.com/en/coverage/calling-bologna-2025/decklist/12146376,Calling Bologna 2025
Yahir Peñarrubia,"Florian, Rotwood Harbinger",https://fabtcg.com/en/coverage/calling-bologna-2025/decklist/28365141,Calling Bologna 2025
Ruben Exposito,"Kano, Dracai of Aether",https://fabtcg.com/en/coverage/calling-bologna-2025/decklist/74917692,Calling Bologna 2025
Julian Cappallo,"Florian, Rotwood Harbinger",https://fabtcg.com/en/coverage/calling-bologna-2025/decklist/57515657,Calling Bologna 2025
Mert Gezgin,"Oscilio, Constella Intelligence",https://fabtcg.com/en/coverage/calling-bologna-2025/decklist/21323668,Calling Bologna 2025
Gianluca Razza,"Verdance, Thorn of the Rose",https://fabtcg.com/en/coverage/calling-bologna-2025/decklist/73771651,Calling Bologna 2025
Eugenio Papavero Crusca,Jarl Vetreiði,https://fabtcg.com/en/coverage/calling-bologna-2025/decklist/15754291,Calling Bologna 2025
Marek Luczak,"Cindra, Dracai of Retribution",https://fabtcg.com/en/coverage/calling-bologna-2025/decklist/29778698,Calling Bologna 2025
Francesco Buoso,"Oscilio, Constella Intelligence",https://fabtcg.com/en/coverage/calling-bologna-2025/decklist/32355787,Calling Bologna 2025
Antonio Kutter,"Prism, Awakener of Sol",https://fabtcg.com/en/coverage/calling-bologna-2025/decklist/89519122,Calling Bologna 2025
George Rodger,"Gravy Bones, Shipwrecked Looter",https://fabtcg.com/en/coverage/calling-bologna-2025/decklist/18546692,Calling Bologna 2025
Maciej Chmielewski,"Gravy Bones, Shipwrecked Looter",https://fabtcg.com/en/coverage/calling-bologna-2025/decklist/69327971,Calling Bologna 2025
Paolo D’Innocenzo,Kassai of the Golden Sand,https://fabtcg.com/en/coverage/calling-bologna-2025/decklist/64154131,Calling Bologna 2025
Igor Makarev,"Ira, Scarlet Revenger",https://fabtcg.com/en/coverage/calling-bologna-2025/decklist/99391644,Calling Bologna 2025
Lukasz Bigos,"Puffin, Hightail",https://fabtcg.com/en/coverage/calling-bologna-2025/decklist/84314118,Calling Bologna 2025
Michele Maietta,"Kano, Dracai of Aether",https://fabtcg.com/en/coverage/calling-bologna-2025/decklist/26497847,Calling Bologna 2025
Matthew Duggan,"Kano, Dracai of Aether",https://fabtcg.com/en/coverage/calling-bologna-2025/decklist/25445494,Calling Bologna 2025
Julien Erdreich,"Florian, Rotwood Harbinger",https://fabtcg.com/en/coverage/calling-bologna-2025/decklist/92417595,Calling Bologna 2025
Daniele Bigagli,"Verdance, Thorn of the Rose",https://fabtcg.com/en/coverage/calling-bologna-2025/decklist/25624771,Calling Bologna 2025
Alexandros Argyriou,"Cindra, Dracai of Retribution",https://fabtcg.com/en/coverage/calling-bologna-2025/decklist/85767485,Calling Bologna 2025
Andrea Tosi,"Florian, Rotwood Harbinger",https://fabtcg.com/en/coverage/calling-bologna-2025/decklist/52649434,Calling Bologna 2025
Duccio Capanni,"Victor Goldmane, High and Mighty",https://fabtcg.com/en/coverage/calling-bologna-2025/decklist/11677824,Calling Bologna 2025
Arianna Rinaldi,"Puffin, Hightail",https://fabtcg.com/en/coverage/calling-bologna-2025/decklist/23691668,Calling Bologna 2025
Francesco D'Amendola,"Kayo, Armed and Dangerous",https://fabtcg.com/en/coverage/calling-bologna-2025/decklist/54254294,Calling Bologna 2025
Diogo Vala,"Azalea, Ace in the Hole",https://fabtcg.com/en/coverage/calling-bologna-2025/decklist/37593656,Calling Bologna 2025
Vasil Popov,"Arakni, Marionette",https://fabtcg.com/en/coverage/calling-bologna-2025/decklist/55918529,Calling Bologna 2025
David Chirulescu,Kassai of the Golden Sand,https://fabtcg.com/en/coverage/calling-bologna-2025/decklist/62132493,Calling Bologna 2025
Ralph Schlauri,"Verdance, Thorn of the Rose",https://fabtcg.com/en/coverage/calling-bologna-2025/decklist/69118899,Calling Bologna 2025
Marco Nogarole,"Cindra, Dracai of Retribution",https://fabtcg.com/en/coverage/calling-bologna-2025/decklist/37186719,Calling Bologna 2025
Bartosz Ziemba,"Verdance, Thorn of the Rose",https://fabtcg.com/en/coverage/calling-bologna-2025/decklist/82923123,Calling Bologna 2025
Kevin Steiger,"Azalea, Ace in the Hole",https://fabtcg.com/en/coverage/calling-bologna-2025/decklist/87743199,Calling Bologna 2025
Pierfrancesco Di Giuseppe,"Gravy Bones, Shipwrecked Looter",https://fabtcg.com/en/coverage/calling-bologna-2025/decklist/91231143,Calling Bologna 2025
Tigran Grigorian,"Florian, Rotwood Harbinger",https://fabtcg.com/en/coverage/calling-bologna-2025/decklist/84936665,Calling Bologna 2025
Brian Fusciani,Dorinthea Ironsong,https://fabtcg.com/en/coverage/calling-bologna-2025/decklist/49766676,Calling Bologna 2025
Lukasz Ziemba,"Fang, Dracai of Blades",https://fabtcg.com/en/coverage/calling-bologna-2025/decklist/19181131,Calling Bologna 2025
Florian Schmidt,"Prism, Awakener of Sol",https://fabtcg.com/en/coverage/calling-bologna-2025/decklist/84332811,Calling Bologna 2025
Davide Cimmino,"Azalea, Ace in the Hole",https://fabtcg.com/en/coverage/calling-bologna-2025/decklist/83817316,Calling Bologna 2025
Björn DHOOGHE,"Katsu, the Wanderer",https://fabtcg.com/en/coverage/calling-bologna-2025/decklist/32994821,Calling Bologna 2025
Boris Melnykov,"Nuu, Alluring Desire",https://fabtcg.com/en/coverage/calling-bologna-2025/decklist/63919789,Calling Bologna 2025
Brian Zambelli Tello,"Prism, Awakener of Sol",https://fabtcg.com/en/coverage/calling-bologna-2025/decklist/18751791,Calling Bologna 2025
Flavio Dollani,"Azalea, Ace in the Hole",https://fabtcg.com/en/coverage/calling-bologna-2025/decklist/25128272,Calling Bologna 2025
Pablo Pintor,"Nuu, Alluring Desire",https://fabtcg.com/en/coverage/calling-bologna-2025/decklist/12374294,Calling Bologna 2025
George Melissakis,"Prism, Awakener of Sol",https://fabtcg.com/en/coverage/calling-bologna-2025/decklist/37549179,Calling Bologna 2025
Stefano Galli,"Verdance, Thorn of the Rose",https://fabtcg.com/en/coverage/calling-bologna-2025/decklist/97172757,Calling Bologna 2025
Stefano tosoni,"Fang, Dracai of Blades",https://fabtcg.com/en/coverage/calling-bologna-2025/decklist/62988626,Calling Bologna 2025
Alexander Prull,"Azalea, Ace in the Hole",https://fabtcg.com/en/coverage/calling-bologna-2025/decklist/37864746,Calling Bologna 2025
Αναστάσιος Παπαγιάννης,"Oscilio, Constella Intelligence",https://fabtcg.com/en/coverage/calling-bologna-2025/decklist/45664141,Calling Bologna 2025
Daniel Collett,"Gravy Bones, Shipwrecked Looter",https://fabtcg.com/en/coverage/calling-bologna-2025/decklist/12514235,Calling Bologna 2025
Paweł Romanowski,"Kayo, Armed and Dangerous",https://fabtcg.com/en/coverage/calling-bologna-2025/decklist/85912572,Calling Bologna 2025
Savinien Castel,"Nuu, Alluring Desire",https://fabtcg.com/en/coverage/calling-bologna-2025/decklist/58955391,Calling Bologna 2025
Romain TRAVERSAZ,"Florian, Rotwood Harbinger",https://fabtcg.com/en/coverage/calling-bologna-2025/decklist/48617852,Calling Bologna 2025
Giorgos Dailianis,"Arakni, 5L!p3d 7hRu 7h3 cR4X",https://fabtcg.com/en/coverage/calling-bologna-2025/decklist/97633848,Calling Bologna 2025
Karanjeet Singh,Dash I/O,https://fabtcg.com/en/coverage/calling-bologna-2025/decklist/37599973,Calling Bologna 2025
Guillem Las Heras Aixandri,"Verdance, Thorn of the Rose",https://fabtcg.com/en/coverage/calling-bologna-2025/decklist/25893731,Calling Bologna 2025
Michał Biereg,"Verdance, Thorn of the Rose",https://fabtcg.com/en/coverage/calling-bologna-2025/decklist/96322991,Calling Bologna 2025
Kugane Gaming,"Cindra, Dracai of Retribution",https://fabtcg.com/en/coverage/calling-bologna-2025/decklist/36499436,Calling Bologna 2025
Jonny Chapman,"Florian, Rotwood Harbinger",https://fabtcg.com/en/coverage/calling-bologna-2025/decklist/72416335,Calling Bologna 2025
Bota Claudiu,"Prism, Awakener of Sol",https://fabtcg.com/en/coverage/calling-bologna-2025/decklist/95973259,Calling Bologna 2025
Maximilian Schmidt,"Verdance, Thorn of the Rose",https://fabtcg.com/en/coverage/calling-bologna-2025/decklist/96192161,Calling Bologna 2025
Yorick Schulte,Kassai of the Golden Sand,https://fabtcg.com/en/coverage/calling-bologna-2025/decklist/92954346,Calling Bologna 2025
Davide Brigida,"Puffin, Hightail",https://fabtcg.com/en/coverage/calling-bologna-2025/decklist/11666587,Calling Bologna 2025
Christos Kontzoglou,"Azalea, Ace in the Hole",https://fabtcg.com/en/coverage/calling-bologna-2025/decklist/53163641,Calling Bologna 2025
Leoluca Colletti,"Nuu, Alluring Desire",https://fabtcg.com/en/coverage/calling-bologna-2025/decklist/33943823,Calling Bologna 2025
John Kitsos,"Florian, Rotwood Harbinger",https://fabtcg.com/en/coverage/calling-bologna-2025/decklist/95418691,Calling Bologna 2025
Federico Sirri,Kassai of the Golden Sand,https://fabtcg.com/en/coverage/calling-bologna-2025/decklist/94375186,Calling Bologna 2025
Enki Dupaquier,Kassai of the Golden Sand,https://fabtcg.com/en/coverage/calling-bologna-2025/decklist/43463614,Calling Bologna 2025
axilleas siskopoulos,"Vynnset, Iron Maiden",https://fabtcg.com/en/coverage/calling-bologna-2025/decklist/69263571,Calling Bologna 2025
Eugene C,"Rhinar, Reckless Rampage",https://fabtcg.com/en/coverage/calling-bologna-2025/decklist/10191,Calling Bologna 2025
Simone Pagani,"Marlynn, Treasure Hunter",https://fabtcg.com/en/coverage/calling-bologna-2025/decklist/67846582,Calling Bologna 2025
Mario Donoso,"Florian, Rotwood Harbinger",https://fabtcg.com/en/coverage/calling-bologna-2025/decklist/98917866,Calling Bologna 2025
Kamil Rejman,"Azalea, Ace in the Hole",https://fabtcg.com/en/coverage/calling-bologna-2025/decklist/64441531,Calling Bologna 2025
Ismael Boulbaz,"Florian, Rotwood Harbinger",https://fabtcg.com/en/coverage/calling-bologna-2025/decklist/99623373,Calling Bologna 2025
Gianluigi Lia,"Nuu, Alluring Desire",https://fabtcg.com/en/coverage/calling-bologna-2025/decklist/53425114,Calling Bologna 2025
Léo Baty,Kassai of the Golden Sand,https://fabtcg.com/en/coverage/calling-bologna-2025/decklist/35647483,Calling Bologna 2025
Sebastian Spicher,"Verdance, Thorn of the Rose",https://fabtcg.com/en/coverage/calling-bologna-2025/decklist/73696351,Calling Bologna 2025
Jan Kučera,"Kano, Dracai of Aether",https://fabtcg.com/en/coverage/calling-bologna-2025/decklist/53296768,Calling Bologna 2025
Ferdinand Wenke,"Florian, Rotwood Harbinger",https://fabtcg.com/en/coverage/calling-bologna-2025/decklist/23797239,Calling Bologna 2025
Sergio Sanz Guerrero,"Azalea, Ace in the Hole",https://fabtcg.com/en/coverage/calling-bologna-2025/decklist/55195433,Calling Bologna 2025
Stefano Meoni,"Azalea, Ace in the Hole",https://fabtcg.com/en/coverage/calling-bologna-2025/decklist/26275334,Calling Bologna 2025
Jacob Walter,"Verdance, Thorn of the Rose",https://fabtcg.com/en/coverage/calling-bologna-2025/decklist/58515579,Calling Bologna 2025
Kinga Piper Balázs,"Cindra, Dracai of Retribution",https://fabtcg.com/en/coverage/calling-bologna-2025/decklist/77641615,Calling Bologna 2025
Erik Skinstad,"Vynnset, Iron Maiden",https://fabtcg.com/en/coverage/calling-bologna-2025/decklist/42893236,Calling Bologna 2025
Liam Holden,"Victor Goldmane, High and Mighty",https://fabtcg.com/en/coverage/calling-bologna-2025/decklist/23324112,Calling Bologna 2025
Andrea Malpassi,"Cindra, Dracai of Retribution",https://fabtcg.com/en/coverage/calling-bologna-2025/decklist/33394118,Calling Bologna 2025
Jacob Clements,"Prism, Awakener of Sol",https://fabtcg.com/en/coverage/calling-bologna-2025/decklist/42541471,Calling Bologna 2025
Matteo Blasi,"Florian, Rotwood Harbinger",https://fabtcg.com/en/coverage/calling-bologna-2025/decklist/11835742,Calling Bologna 2025
Sebastiano Zagatti,"Azalea, Ace in the Hole",https://fabtcg.com/en/coverage/calling-bologna-2025/decklist/37218174,Calling Bologna 2025
Giulio Monaco,"Verdance, Thorn of the Rose",https://fabtcg.com/en/coverage/calling-bologna-2025/decklist/71735621,Calling Bologna 2025
Giacomo Mosca,"Verdance, Thorn of the Rose",https://fabtcg.com/en/coverage/calling-bologna-2025/decklist/15763355,Calling Bologna 2025
Gary White,"Kano, Dracai of Aether",https://fabtcg.com/en/coverage/calling-bologna-2025/decklist/69942438,Calling Bologna 2025
Marcin Chorzepa,"Oscilio, Constella Intelligence",https://fabtcg.com/en/coverage/calling-bologna-2025/decklist/66373898,Calling Bologna 2025
Szabolcs Egri,"Nuu, Alluring Desire",https://fabtcg.com/en/coverage/calling-bologna-2025/decklist/77465369,Calling Bologna 2025
Marcello Mutalipassi,"Arakni, Marionette",https://fabtcg.com/en/coverage/calling-bologna-2025/decklist/37166768,Calling Bologna 2025
Wojciech Andrusewicz,"Gravy Bones, Shipwrecked Looter",https://fabtcg.com/en/coverage/calling-bologna-2025/decklist/97541956,Calling Bologna 2025
Tim Dasiukevich,"Riptide, Lurker of the Deep",https://fabtcg.com/en/coverage/calling-bologna-2025/decklist/92521141,Calling Bologna 2025
George Chew,"Kayo, Armed and Dangerous",https://fabtcg.com/en/coverage/calling-bologna-2025/decklist/71772324,Calling Bologna 2025
Gaia Bormida,Dorinthea Ironsong,https://fabtcg.com/en/coverage/calling-bologna-2025/decklist/26487721,Calling Bologna 2025
Márton Kovács,"Cindra, Dracai of Retribution",https://fabtcg.com/en/coverage/calling-bologna-2025/decklist/92199764,Calling Bologna 2025
Mauro Giuseppe Di Lauro,"Florian, Rotwood Harbinger",https://fabtcg.com/en/coverage/calling-bologna-2025/decklist/52717739,Calling Bologna 2025
Florian Traversaz,"Prism, Awakener of Sol",https://fabtcg.com/en/coverage/calling-bologna-2025/decklist/67245242,Calling Bologna 2025
Brent Van de Staey,"Cindra, Dracai of Retribution",https://fabtcg.com/en/coverage/calling-bologna-2025/decklist/68236157,Calling Bologna 2025
piero scheriani,"Fai, Rising Rebellion",https://fabtcg.com/en/coverage/calling-bologna-2025/decklist/84649797,Calling Bologna 2025
Alessandro Berganton,"Florian, Rotwood Harbinger",https://fabtcg.com/en/coverage/calling-bologna-2025/decklist/99161992,Calling Bologna 2025
Gabriele Giacomelli,Dash I/O,https://fabtcg.com/en/coverage/calling-bologna-2025/decklist/33782628,Calling Bologna 2025
Lancelot Errico,"Florian, Rotwood Harbinger",https://fabtcg.com/en/coverage/calling-bologna-2025/decklist/26979662,Calling Bologna 2025
Stefania Patsou,"Cindra, Dracai of Retribution",https://fabtcg.com/en/coverage/calling-bologna-2025/decklist/12445761,Calling Bologna 2025
Goran Lovric,"Florian, Rotwood Harbinger",https://fabtcg.com/en/coverage/calling-bologna-2025/decklist/44665221,Calling Bologna 2025
Jonas Benzarti,"Arakni, Marionette",https://fabtcg.com/en/coverage/calling-bologna-2025/decklist/33193648,Calling Bologna 2025
Alex Chițu,"Azalea, Ace in the Hole",https://fabtcg.com/en/coverage/calling-bologna-2025/decklist/52582252,Calling Bologna 2025
George Jones,"Nuu, Alluring Desire",https://fabtcg.com/en/coverage/calling-bologna-2025/decklist/86671164,Calling Bologna 2025
Raffaele Verdiani,"Verdance, Thorn of the Rose",https://fabtcg.com/en/coverage/calling-bologna-2025/decklist/23678532,Calling Bologna 2025
Tudor Diaconescu,"Levia, Shadowborn Abomination",https://fabtcg.com/en/coverage/calling-bologna-2025/decklist/35323115,Calling Bologna 2025
Piergiorgio Villani,Kassai of the Golden Sand,https://fabtcg.com/en/coverage/calling-bologna-2025/decklist/82894114,Calling Bologna 2025
Josef Doležal,"Cindra, Dracai of Retribution",https://fabtcg.com/en/coverage/calling-bologna-2025/decklist/26384116,Calling Bologna 2025
Martin Holík,"Kano, Dracai of Aether",https://fabtcg.com/en/coverage/calling-bologna-2025/decklist/68491691,Calling Bologna 2025
Kevin Zänker,"Nuu, Alluring Desire",https://fabtcg.com/en/coverage/calling-bologna-2025/decklist/37818356,Calling Bologna 2025
Andrea Ceschin,Dorinthea Ironsong,https://fabtcg.com/en/coverage/calling-bologna-2025/decklist/28559583,Calling Bologna 2025
Simone Rainaldi,"Oscilio, Constella Intelligence",https://fabtcg.com/en/coverage/calling-bologna-2025/decklist/58262971,Calling Bologna 2025
Roman Legíň,"Florian, Rotwood Harbinger",https://fabtcg.com/en/coverage/calling-bologna-2025/decklist/19744323,Calling Bologna 2025
Sotiris Konstantelos,"Puffin, Hightail",https://fabtcg.com/en/coverage/calling-bologna-2025/decklist/73159185,Calling Bologna 2025
Brodie Spurlock,"Gravy Bones, Shipwrecked Looter",https://fabtcg.com/en/coverage/calling-bologna-2025/decklist/78449312,Calling Bologna 2025
Panagiotis Pavlou,"Prism, Awakener of Sol",https://fabtcg.com/en/coverage/calling-bologna-2025/decklist/28371845,Calling Bologna 2025
Max Dieckmann,"Gravy Bones, Shipwrecked Looter",https://fabtcg.com/en/coverage/calling-bologna-2025/decklist/62329447,Calling Bologna 2025
Francesco Motta,"Fang, Dracai of Blades",https://fabtcg.com/en/coverage/calling-bologna-2025/decklist/88818444,Calling Bologna 2025
Maurice Hostettler,"Azalea, Ace in the Hole",https://fabtcg.com/en/coverage/calling-bologna-2025/decklist/41436621,Calling Bologna 2025
Christian Hauck,Dorinthea Ironsong,https://fabtcg.com/en/coverage/calling-bologna-2025/decklist/47346524,Calling Bologna 2025
Jeremy Miller,"Nuu, Alluring Desire",https://fabtcg.com/en/coverage/calling-bologna-2025/decklist/62225645,Calling Bologna 2025
András Kovács,"Azalea, Ace in the Hole",https://fabtcg.com/en/coverage/calling-bologna-2025/decklist/41117488,Calling Bologna 2025
Samuel Mudry,"Kano, Dracai of Aether",https://fabtcg.com/en/coverage/calling-bologna-2025/decklist/42177829,Calling Bologna 2025
Felix Krisch,"Levia, Shadowborn Abomination",https://fabtcg.com/en/coverage/calling-bologna-2025/decklist/87192413,Calling Bologna 2025
Viet Pham,"Nuu, Alluring Desire",https://fabtcg.com/en/coverage/calling-bologna-2025/decklist/10028,Calling Bologna 2025
Jurij Di Carlo,"Florian, Rotwood Harbinger",https://fabtcg.com/en/coverage/calling-bologna-2025/decklist/46386263,Calling Bologna 2025
Mauro Annetta,Jarl Vetreiði,https://fabtcg.com/en/coverage/calling-bologna-2025/decklist/98643663,Calling Bologna 2025
Alessio Viola,Jarl Vetreiði,https://fabtcg.com/en/coverage/calling-bologna-2025/decklist/73626473,Calling Bologna 2025
Bogdan-Andrei Oros,"Florian, Rotwood Harbinger",https://fabtcg.com/en/coverage/calling-bologna-2025/decklist/26369526,Calling Bologna 2025
Evan Tanguy,"Gravy Bones, Shipwrecked Looter",https://fabtcg.com/en/coverage/calling-bologna-2025/decklist/68973688,Calling Bologna 2025
Rob Catton,"Prism, Awakener of Sol",https://fabtcg.com/en/coverage/calling-bologna-2025/decklist/96675674,Calling Bologna 2025
Andrea Milaneschi,"Vynnset, Iron Maiden",https://fabtcg.com/en/coverage/calling-bologna-2025/decklist/45223784,Calling Bologna 2025
Lorenzo Miele,"Prism, Awakener of Sol",https://fabtcg.com/en/coverage/calling-bologna-2025/decklist/69321146,Calling Bologna 2025
Andrea Albani,"Arakni, 5L!p3d 7hRu 7h3 cR4X",https://fabtcg.com/en/coverage/calling-bologna-2025/decklist/68644278,Calling Bologna 2025
Simone Quartieri,"Florian, Rotwood Harbinger",https://fabtcg.com/en/coverage/calling-bologna-2025/decklist/98546816,Calling Bologna 2025
Tim Heibrok,"Florian, Rotwood Harbinger",https://fabtcg.com/en/coverage/calling-bologna-2025/decklist/45596418,Calling Bologna 2025
Arthur Trehet,"Verdance, Thorn of the Rose",https://fabtcg.com/en/coverage/calling-bologna-2025/decklist/21361948,Calling Bologna 2025
KONSTANTINOS STERGIOU,"Arakni, 5L!p3d 7hRu 7h3 cR4X",https://fabtcg.com/en/coverage/calling-bologna-2025/decklist/64974723,Calling Bologna 2025
Thomas Harle,"Gravy Bones, Shipwrecked Looter",https://fabtcg.com/en/coverage/calling-bologna-2025/decklist/89773553,Calling Bologna 2025
Finn Baird,"Arakni, 5L!p3d 7hRu 7h3 cR4X",https://fabtcg.com/en/coverage/calling-bologna-2025/decklist/46153683,Calling Bologna 2025
Marek Fila,"Fang, Dracai of Blades",https://fabtcg.com/en/coverage/calling-bologna-2025/decklist/88773492,Calling Bologna 2025
David Gómez,"Verdance, Thorn of the Rose",https://fabtcg.com/en/coverage/calling-bologna-2025/decklist/93122327,Calling Bologna 2025
Vedran Djuricic,"Fang, Dracai of Blades",https://fabtcg.com/en/coverage/calling-bologna-2025/decklist/56532175,Calling Bologna 2025
Lachlan Maddaford,"Arakni, Marionette",https://fabtcg.com/en/coverage/calling-bologna-2025/decklist/32474646,Calling Bologna 2025
David Bettoli,"Prism, Awakener of Sol",https://fabtcg.com/en/coverage/calling-bologna-2025/decklist/56586292,Calling Bologna 2025
Theofilos Papadopoulos,"Levia, Shadowborn Abomination",https://fabtcg.com/en/coverage/calling-bologna-2025/decklist/94481672,Calling Bologna 2025
James Thourgood,"Prism, Awakener of Sol",https://fabtcg.com/en/coverage/calling-bologna-2025/decklist/16596147,Calling Bologna 2025
Noah Cagle,"Fang, Dracai of Blades",https://fabtcg.com/en/coverage/calling-bologna-2025/decklist/58357436,Calling Bologna 2025
Alexander Hempelmann,"Kano, Dracai of Aether",https://fabtcg.com/en/coverage/calling-bologna-2025/decklist/94399835,Calling Bologna 2025
Léo Masson,"Kano, Dracai of Aether",https://fabtcg.com/en/coverage/calling-bologna-2025/decklist/13687577,Calling Bologna 2025
Philip van Donselaar,"Gravy Bones, Shipwrecked Looter",https://fabtcg.com/en/coverage/calling-bologna-2025/decklist/48821756,Calling Bologna 2025
Mihai Zorila,"Cindra, Dracai of Retribution",https://fabtcg.com/en/coverage/calling-bologna-2025/decklist/21461217,Calling Bologna 2025
Łukasz Gryziewicz,"Cindra, Dracai of Retribution",https://fabtcg.com/en/coverage/calling-bologna-2025/decklist/72532619,Calling Bologna 2025
Matthias Verbeeck,"Florian, Rotwood Harbinger",https://fabtcg.com/en/coverage/calling-bologna-2025/decklist/64784678,Calling Bologna 2025
Adriano Izzi,"Prism, Awakener of Sol",https://fabtcg.com/en/coverage/calling-bologna-2025/decklist/45994291,Calling Bologna 2025
Maniša Njegomir,"Kano, Dracai of Aether",https://fabtcg.com/en/coverage/calling-bologna-2025/decklist/29373188,Calling Bologna 2025
Pierantonio Ostuni,"Cindra, Dracai of Retribution",https://fabtcg.com/en/coverage/calling-bologna-2025/decklist/22778124,Calling Bologna 2025
Tom Escoffier,"Arakni, Marionette",https://fabtcg.com/en/coverage/calling-bologna-2025/decklist/96689831,Calling Bologna 2025
Michal Cwik,"Levia, Shadowborn Abomination",https://fabtcg.com/en/coverage/calling-bologna-2025/decklist/44969417,Calling Bologna 2025
Andrea Nicastro,"Kano, Dracai of Aether",https://fabtcg.com/en/coverage/calling-bologna-2025/decklist/67645563,Calling Bologna 2025
Ivaylo Ivanov,"Azalea, Ace in the Hole",https://fabtcg.com/en/coverage/calling-bologna-2025/decklist/14624236,Calling Bologna 2025
Mateusz Sass,"Victor Goldmane, High and Mighty",https://fabtcg.com/en/coverage/calling-bologna-2025/decklist/99196216,Calling Bologna 2025
Massimo D'Amato,"Florian, Rotwood Harbinger",https://fabtcg.com/en/coverage/calling-bologna-2025/decklist/31121395,Calling Bologna 2025
Jonathan YUSTE,"Gravy Bones, Shipwrecked Looter",https://fabtcg.com/en/coverage/calling-bologna-2025/decklist/91762954,Calling Bologna 2025
Pietro Motta,"Puffin, Hightail",https://fabtcg.com/en/coverage/calling-bologna-2025/decklist/21489624,Calling Bologna 2025
Daniele Coppola,"Cindra, Dracai of Retribution",https://fabtcg.com/en/coverage/calling-bologna-2025/decklist/65865513,Calling Bologna 2025
Vincent Weinzierl,Kassai of the Golden Sand,https://fabtcg.com/en/coverage/calling-bologna-2025/decklist/56924861,Calling Bologna 2025
Lorenzo Brambilla Pisoni,"Nuu, Alluring Desire",https://fabtcg.com/en/coverage/calling-bologna-2025/decklist/45953664,Calling Bologna 2025
Patrycjusz Janas,Jarl Vetreiði,https://fabtcg.com/en/coverage/calling-bologna-2025/decklist/12785163,Calling Bologna 2025
Lewis Miller,"Verdance, Thorn of the Rose",https://fabtcg.com/en/coverage/calling-bologna-2025/decklist/16294592,Calling Bologna 2025
Bartosz Dominiak,"Verdance, Thorn of the Rose",https://fabtcg.com/en/coverage/calling-bologna-2025/decklist/43618194,Calling Bologna 2025
Paul Crame,"Azalea, Ace in the Hole",https://fabtcg.com/en/coverage/calling-bologna-2025/decklist/83497582,Calling Bologna 2025
filippo pirazzoli,"Cindra, Dracai of Retribution",https://fabtcg.com/en/coverage/calling-bologna-2025/decklist/67954667,Calling Bologna 2025
Mathias W,"Vynnset, Iron Maiden",https://fabtcg.com/en/coverage/calling-bologna-2025/decklist/64336656,Calling Bologna 2025
Tomasz Zalejski,Kassai of the Golden Sand,https://fabtcg.com/en/coverage/calling-bologna-2025/decklist/63421227,Calling Bologna 2025
Tim Sofsky,"Prism, Awakener of Sol",https://fabtcg.com/en/coverage/calling-bologna-2025/decklist/91781482,Calling Bologna 2025
Tommaso Fabbri,"Azalea, Ace in the Hole",https://fabtcg.com/en/coverage/calling-bologna-2025/decklist/11285359,Calling Bologna 2025
Juan Victor Echeverria,"Gravy Bones, Shipwrecked Looter",https://fabtcg.com/en/coverage/calling-bologna-2025/decklist/71368279,Calling Bologna 2025
Nathanaël frederic,"Azalea, Ace in the Hole",https://fabtcg.com/en/coverage/calling-bologna-2025/decklist/11799465,Calling Bologna 2025
Nikos Tavoulareas,"Florian, Rotwood Harbinger",https://fabtcg.com/en/coverage/calling-bologna-2025/decklist/36856799,Calling Bologna 2025
Victor Lenoble,"Kayo, Armed and Dangerous",https://fabtcg.com/en/coverage/calling-bologna-2025/decklist/21389216,Calling Bologna 2025
Giannis Koumidis,"Nuu, Alluring Desire",https://fabtcg.com/en/coverage/calling-bologna-2025/decklist/74681895,Calling Bologna 2025
Maximilian Reichl,"Arakni, Marionette",https://fabtcg.com/en/coverage/calling-bologna-2025/decklist/63633694,Calling Bologna 2025
Angelo Zaccardi,"Cindra, Dracai of Retribution",https://fabtcg.com/en/coverage/calling-bologna-2025/decklist/55274665,Calling Bologna 2025
Thorbjørn Lind Jensen,"Azalea, Ace in the Hole",https://fabtcg.com/en/coverage/calling-bologna-2025/decklist/18792287,Calling Bologna 2025
Adrien Krifa,"Cindra, Dracai of Retribution",https://fabtcg.com/en/coverage/calling-bologna-2025/decklist/92425916,Calling Bologna 2025
Kaloyan Nikov,Dash I/O,https://fabtcg.com/en/coverage/calling-bologna-2025/decklist/82638155,Calling Bologna 2025
Danny Halstad,"Puffin, Hightail",https://fabtcg.com/en/coverage/calling-bologna-2025/decklist/15464726,Calling Bologna 2025
Andreas Capsalis,"Cindra, Dracai of Retribution",https://fabtcg.com/en/coverage/calling-bologna-2025/decklist/85278635,Calling Bologna 2025
Davide Ierardi,"Marlynn, Treasure Hunter",https://fabtcg.com/en/coverage/calling-bologna-2025/decklist/83653524,Calling Bologna 2025
Michał Rzepczyński,"Azalea, Ace in the Hole",https://fabtcg.com/en/coverage/calling-bologna-2025/decklist/32463641,Calling Bologna 2025
Nicolò Valenzano,"Azalea, Ace in the Hole",https://fabtcg.com/en/coverage/calling-bologna-2025/decklist/78167823,Calling Bologna 2025
Gennaro Ciampa Mango,"Cindra, Dracai of Retribution",https://fabtcg.com/en/coverage/calling-bologna-2025/decklist/19293621,Calling Bologna 2025
riccardo battaglia,"Verdance, Thorn of the Rose",https://fabtcg.com/en/coverage/calling-bologna-2025/decklist/24374183,Calling Bologna 2025
Sebastian Sommer,"Gravy Bones, Shipwrecked Looter",https://fabtcg.com/en/coverage/calling-bologna-2025/decklist/77922999,Calling Bologna 2025
Vlad Margarit,Jarl Vetreiði,https://fabtcg.com/en/coverage/calling-bologna-2025/decklist/97234571,Calling Bologna 2025
Andrei Sebastian Suciu,"Arakni, Marionette",https://fabtcg.com/en/coverage/calling-bologna-2025/decklist/93349871,Calling Bologna 2025
Morris Prem,"Arakni, Marionette",https://fabtcg.com/en/coverage/calling-bologna-2025/decklist/79975346,Calling Bologna 2025
Alessandro Sgura,"Vynnset, Iron Maiden",https://fabtcg.com/en/coverage/calling-bologna-2025/decklist/28751616,Calling Bologna 2025
David Luckey,"Azalea, Ace in the Hole",https://fabtcg.com/en/coverage/calling-bologna-2025/decklist/77239533,Calling Bologna 2025
Alessio Bouko,"Puffin, Hightail",https://fabtcg.com/en/coverage/calling-bologna-2025/decklist/33998792,Calling Bologna 2025
Jari Vincke,"Verdance, Thorn of the Rose",https://fabtcg.com/en/coverage/calling-bologna-2025/decklist/22595251,Calling Bologna 2025
Valentino Odorjan,"Gravy Bones, Shipwrecked Looter",https://fabtcg.com/en/coverage/calling-bologna-2025/decklist/73382755,Calling Bologna 2025
Patrik Koller,"Arakni, 5L!p3d 7hRu 7h3 cR4X",https://fabtcg.com/en/coverage/calling-bologna-2025/decklist/52766714,Calling Bologna 2025
Yassine Echafai Tripiana,"Vynnset, Iron Maiden",https://fabtcg.com/en/coverage/calling-bologna-2025/decklist/58442431,Calling Bologna 2025
Alessandro Tassini,"Florian, Rotwood Harbinger",https://fabtcg.com/en/coverage/calling-bologna-2025/decklist/75224857,Calling Bologna 2025
Bottino Valerio,"Prism, Awakener of Sol",https://fabtcg.com/en/coverage/calling-bologna-2025/decklist/99633425,Calling Bologna 2025
Sammy Weckx,"Prism, Awakener of Sol",https://fabtcg.com/en/coverage/calling-bologna-2025/decklist/42931869,Calling Bologna 2025
Andrea Pizzetti,"Oscilio, Constella Intelligence",https://fabtcg.com/en/coverage/calling-bologna-2025/decklist/99438641,Calling Bologna 2025
Matthew Brown,"Fang, Dracai of Blades",https://fabtcg.com/en/coverage/calling-bologna-2025/decklist/93529883,Calling Bologna 2025
Michael Feng,"Nuu, Alluring Desire",https://fabtcg.com/en/coverage/calling-bologna-2025/decklist/51553785,Calling Bologna 2025
Michał Zalejski,"Florian, Rotwood Harbinger",https://fabtcg.com/en/coverage/calling-bologna-2025/decklist/41579617,Calling Bologna 2025
Victor Sanchez,"Riptide, Lurker of the Deep",https://fabtcg.com/en/coverage/calling-bologna-2025/decklist/72143926,Calling Bologna 2025
Gints Dreimanis,"Arakni, Marionette",https://fabtcg.com/en/coverage/calling-bologna-2025/decklist/41995375,Calling Bologna 2025
Marcel Harz,"Prism, Awakener of Sol",https://fabtcg.com/en/coverage/calling-bologna-2025/decklist/94296131,Calling Bologna 2025
Sergio Amigo,"Nuu, Alluring Desire",https://fabtcg.com/en/coverage/calling-bologna-2025/decklist/55522238,Calling Bologna 2025
Guillermo Revilla,"Arakni, Marionette",https://fabtcg.com/en/coverage/calling-bologna-2025/decklist/54539645,Calling Bologna 2025
Kacper Mocek,"Ira, Scarlet Revenger",https://fabtcg.com/en/coverage/calling-bologna-2025/decklist/76855698,Calling Bologna 2025
Massimiliano Messina,"Fang, Dracai of Blades",https://fabtcg.com/en/coverage/calling-bologna-2025/decklist/44377426,Calling Bologna 2025
Nico Schleier,"Arakni, Marionette",https://fabtcg.com/en/coverage/calling-bologna-2025/decklist/38796132,Calling Bologna 2025
Michael Wachouschek,Dash I/O,https://fabtcg.com/en/coverage/calling-bologna-2025/decklist/29893871,Calling Bologna 2025
Daja Todesco,"Gravy Bones, Shipwrecked Looter",https://fabtcg.com/en/coverage/calling-bologna-2025/decklist/27452151,Calling Bologna 2025
"""Lello"" Alessandro Stefanelli","Azalea, Ace in the Hole",https://fabtcg.com/en/coverage/calling-bologna-2025/decklist/95751957,Calling Bologna 2025
Simone Pirota,"Azalea, Ace in the Hole",https://fabtcg.com/en/coverage/calling-bologna-2025/decklist/34919298,Calling Bologna 2025
Lorenzo Latino,"Victor Goldmane, High and Mighty",https://fabtcg.com/en/coverage/calling-bologna-2025/decklist/32371862,Calling Bologna 2025
Matteo Lista,"Oscilio, Constella Intelligence",https://fabtcg.com/en/coverage/calling-bologna-2025/decklist/24783212,Calling Bologna 2025
Gregory Patellis,"Prism, Awakener of Sol",https://fabtcg.com/en/coverage/calling-bologna-2025/decklist/12959859,Calling Bologna 2025
Panagiotis Xanthopoulos,"Florian, Rotwood Harbinger",https://fabtcg.com/en/coverage/calling-bologna-2025/decklist/31235326,Calling Bologna 2025
Sebastian Linn,"Verdance, Thorn of the Rose",https://fabtcg.com/en/coverage/calling-bologna-2025/decklist/93715741,Calling Bologna 2025
Daniele Frattarelli,"Florian, Rotwood Harbinger",https://fabtcg.com/en/coverage/calling-bologna-2025/decklist/53721144,Calling Bologna 2025
Xavier Mudry,"Oscilio, Constella Intelligence",https://fabtcg.com/en/coverage/calling-bologna-2025/decklist/72579217,Calling Bologna 2025
Roy Sammour,"Oscilio, Constella Intelligence",https://fabtcg.com/en/coverage/calling-bologna-2025/decklist/52976744,Calling Bologna 2025
CHRISTOS KOSTAKIS,"Ira, Scarlet Revenger",https://fabtcg.com/en/coverage/calling-bologna-2025/decklist/84753865,Calling Bologna 2025
Nicolas Ziegler,"Gravy Bones, Shipwrecked Looter",https://fabtcg.com/en/coverage/calling-bologna-2025/decklist/51781462,Calling Bologna 2025
Pierre-Yves Garcia,"Ira, Scarlet Revenger",https://fabtcg.com/en/coverage/calling-bologna-2025/decklist/49136378,Calling Bologna 2025
Theofrastos Matakoulias,"Puffin, Hightail",https://fabtcg.com/en/coverage/calling-bologna-2025/decklist/61862211,Calling Bologna 2025
Jean Luka Zorko,"Prism, Awakener of Sol",https://fabtcg.com/en/coverage/calling-bologna-2025/decklist/39645421,Calling Bologna 2025
Isidoros Popovits,"Azalea, Ace in the Hole",https://fabtcg.com/en/coverage/calling-bologna-2025/decklist/59895479,Calling Bologna 2025
Virginia Rosenberg,"Fang, Dracai of Blades",https://fabtcg.com/en/coverage/calling-bologna-2025/decklist/45335164,Calling Bologna 2025
Adrien Druart,"Nuu, Alluring Desire",https://fabtcg.com/en/coverage/calling-bologna-2025/decklist/33898823,Calling Bologna 2025
Sebastian Niedzielec,Dorinthea Ironsong,https://fabtcg.com/en/coverage/calling-bologna-2025/decklist/79642783,Calling Bologna 2025
Flavio Caoduro,"Gravy Bones, Shipwrecked Looter",https://fabtcg.com/en/coverage/calling-bologna-2025/decklist/79682265,Calling Bologna 2025
Faustin Falissard,Jarl Vetreiði,https://fabtcg.com/en/coverage/calling-bologna-2025/decklist/78132368,Calling Bologna 2025
Bartosz Dobrowolski,"Arakni, Marionette",https://fabtcg.com/en/coverage/calling-bologna-2025/decklist/69247846,Calling Bologna 2025
Edoardo Galli,"Nuu, Alluring Desire",https://fabtcg.com/en/coverage/calling-bologna-2025/decklist/68725121,Calling Bologna 2025
Lubos Vanicek,"Gravy Bones, Shipwrecked Looter",https://fabtcg.com/en/coverage/calling-bologna-2025/decklist/57435891,Calling Bologna 2025
Jakub Mares,"Gravy Bones, Shipwrecked Looter",https://fabtcg.com/en/coverage/calling-bologna-2025/decklist/29222343,Calling Bologna 2025
Gabriel Zugna,Kassai of the Golden Sand,https://fabtcg.com/en/coverage/calling-bologna-2025/decklist/33477833,Calling Bologna 2025
Tilen Blazinšek,"Nuu, Alluring Desire",https://fabtcg.com/en/coverage/calling-bologna-2025/decklist/88836495,Calling Bologna 2025
Freddy Friedrich,"Gravy Bones, Shipwrecked Looter",https://fabtcg.com/en/coverage/calling-bologna-2025/decklist/62616413,Calling Bologna 2025
Ian Zhang,"Nuu, Alluring Desire",https://fabtcg.com/en/coverage/calling-bologna-2025/decklist/75916243,Calling Bologna 2025
Iason Kouvakas,"Florian, Rotwood Harbinger",https://fabtcg.com/en/coverage/calling-bologna-2025/decklist/72421747,Calling Bologna 2025
Adam Tuček,"Nuu, Alluring Desire",https://fabtcg.com/en/coverage/calling-bologna-2025/decklist/53456944,Calling Bologna 2025
Adrian Słowiński,"Azalea, Ace in the Hole",https://fabtcg.com/en/coverage/calling-bologna-2025/decklist/51276998,Calling Bologna 2025
Aurelien Souchet,"Verdance, Thorn of the Rose",https://fabtcg.com/en/coverage/calling-bologna-2025/decklist/65395942,Calling Bologna 2025
Edoardo La Rosa,"Vynnset, Iron Maiden",https://fabtcg.com/en/coverage/calling-bologna-2025/decklist/37476887,Calling Bologna 2025
Giuseppe Cervone,"Florian, Rotwood Harbinger",https://fabtcg.com/en/coverage/calling-bologna-2025/decklist/75943763,Calling Bologna 2025
Jakub Koenner,"Prism, Awakener of Sol",https://fabtcg.com/en/coverage/calling-bologna-2025/decklist/33626932,Calling Bologna 2025
Tiziano Suran,"Azalea, Ace in the Hole",https://fabtcg.com/en/coverage/calling-bologna-2025/decklist/77156332,Calling Bologna 2025
Tore Eskeland,"Florian, Rotwood Harbinger",https://fabtcg.com/en/coverage/calling-bologna-2025/decklist/79975168,Calling Bologna 2025
Matteo Frescucci,"Arakni, 5L!p3d 7hRu 7h3 cR4X",https://fabtcg.com/en/coverage/calling-bologna-2025/decklist/74222938,Calling Bologna 2025
Finlay Freir,"Vynnset, Iron Maiden",https://fabtcg.com/en/coverage/calling-bologna-2025/decklist/77231742,Calling Bologna 2025
Simone Sieli,"Azalea, Ace in the Hole",https://fabtcg.com/en/coverage/calling-bologna-2025/decklist/67497994,Calling Bologna 2025
Tiziano Biagetti,"Florian, Rotwood Harbinger",https://fabtcg.com/en/coverage/calling-bologna-2025/decklist/95213925,Calling Bologna 2025
Adrián Marín,"Florian, Rotwood Harbinger",https://fabtcg.com/en/coverage/calling-bologna-2025/decklist/84473835,Calling Bologna 2025
Michaele Teppa,"Nuu, Alluring Desire",https://fabtcg.com/en/coverage/calling-bologna-2025/decklist/38799517,Calling Bologna 2025
Marc Germond,"Ira, Scarlet Revenger",https://fabtcg.com/en/coverage/calling-bologna-2025/decklist/45574439,Calling Bologna 2025
None,,,Calling Bologna 2025
